Model,RMSE_Vitesse,RMSE_Vitesse_std,RMSE_Rel_Vitesse,RMSE_Rel_Vitesse_std,RMSE_WSS,RMSE_WSS_std
KDC_baseline_1,1.6975,0.6546,0.5745,0.2135,1.3861,1.1438
KDC_baseline_2,1.7192,0.6858,0.5013,0.1728,1.3728,1.1404
KDC_baseline_3,1.7892,0.6305,0.7398,0.31,1.3886,1.1526
KDC_baseline_1_40eps,1.6069,0.5715,0.5816,0.2845,1.3797,1.1129
KD_baseline_1,1.9071,0.7886,0.8581,0.3196,0.2125,0.1355
KD_baseline_2,1.8596,0.7811,0.7661,0.2574,0.2063,0.1246
KD_baseline_3,1.9266,0.8118,0.8544,0.2962,0.2124,0.1321
KD_baseline_1_30eps,1.8603,0.6818,0.8354,0.3191,0.179,0.1096
KD_curr_1,1.7392,0.7045,0.706,0.2648,0.2007,0.1222
KD_curr_2,1.7622,0.7009,0.7378,0.2855,0.2008,0.1221
KD_curr_3,1.7528,0.6892,0.7332,0.2784,0.2017,0.1252
KD_noise01_1,1.6049,0.7182,0.6659,0.2384,,
KD_noise01_2,1.5894,0.7135,0.6631,0.2453,,
KD_noise01_3,1.5927,0.6885,0.7064,0.2615,,
KD_noise0_1,1.591,0.7226,0.6856,0.2518,,
KD_noise0_2,1.6016,0.7236,0.7294,0.2626,,
KD_noise0_3,1.6198,0.7326,0.6898,0.2485,,
KD_noise5_1,2.1866,0.6532,1.1515,0.7494,,
KD_noise5_2,2.1685,0.6947,1.1829,0.7927,,
KD_noise5_3,2.2904,0.6237,1.4547,1.0592,,
KD_noise001_1,1.6122,0.7158,0.6988,0.2456,,
KD_noise001_2,1.6096,0.7261,0.7026,0.2494,,
KD_noise001_3,1.6235,0.7386,0.6975,0.2437,,
KD_noise004_1,1.5989,0.733,0.7489,0.2725,,
KD_noise004_2,1.6148,0.7384,0.7071,0.2478,,
KD_noise004_3,1.6203,0.7319,0.7397,0.2801,,
KD_noise05_1,1.6885,0.7006,0.7621,0.3621,,
KD_noise05_2,1.6647,0.7014,0.751,0.3062,,
KD_noise05_3,1.6993,0.6976,0.7552,0.311,,
KDC_noise01_1,1.5264,0.6642,0.5008,0.1838,1.3873,1.1509
KDC_noise01_2,1.527,0.6189,0.5785,0.248,1.3837,1.1318
KDC_noise01_3,1.4892,0.6568,0.4705,0.1692,1.3827,1.1337
KDC_feat_1,1.8385,0.733,0.8013,0.4849,1.4031,1.1714
KDC_feat_2,1.7817,0.7551,0.6126,0.3133,1.4016,1.1685
KDC_feat_3,1.7717,0.712,0.6869,0.3381,1.4017,1.1755
KD_curr01_1,1.5097,0.6599,0.7328,0.2845,0.15,0.0853
KD_curr01_2,1.5228,0.6623,0.7494,0.2938,0.152,0.0868
KD_curr01_3,1.5132,0.6619,0.7373,0.2867,0.1514,0.0869
KD_feat_1,1.6714,0.7526,0.7718,0.3121,0.1673,0.1092
KD_feat_2,1.633,0.7369,0.7473,0.2946,0.1622,0.1003
KD_feat_3,1.6704,0.7465,0.7341,0.2828,0.1644,0.107
KD_part100_1,1.5531,0.6879,0.7764,0.2977,0.155,0.0922
KD_part100_2,1.539,0.6862,0.7542,0.2823,0.1542,0.0922
KD_part100_3,1.543,0.6846,0.7652,0.2893,0.1549,0.0917
KD_part50_1,1.5584,0.7199,0.7748,0.2736,0.1625,0.1007
KD_part50_2,1.562,0.7169,0.8201,0.3147,0.1596,0.0979
KD_part50_3,1.5686,0.7138,0.7916,0.2952,0.1632,0.0996
KD_part20_1,1.6102,0.7469,0.7932,0.2795,0.1675,0.1058
KD_part20_2,1.6201,0.7449,0.8207,0.2972,0.1696,0.1072
KD_part20_3,1.6151,0.7353,0.8207,0.3044,0.166,0.1031
KD_part100_flops_1,1.5817,0.6445,0.8311,0.3528,0.1496,0.0875
KD_part100_flops_2,1.5349,0.6439,0.8257,0.3325,0.1483,0.0886
KD_part100_flops_3,1.5905,0.5986,0.9588,0.5724,0.1503,0.0919
KD_part50_flops_1,1.5956,0.6682,0.8733,0.3977,0.1482,0.0856
KD_part50_flops_2,1.5937,0.5982,0.8892,0.4394,0.1467,0.0847
KD_part50_flops_3,1.578,0.6337,0.757,0.2869,0.1481,0.0892
KD_part20_flops_1,1.456,0.6882,0.6359,0.2225,0.1436,0.0856
KD_part20_flops_2,1.5236,0.6242,0.7357,0.3305,0.1413,0.0841
KD_part20_flops_3,1.5327,0.6492,0.7737,0.3271,0.1449,0.0863
KD_part100_updates_1,1.5544,0.6742,0.8312,0.3469,0.1518,0.0871
KD_part100_updates_2,1.5408,0.666,0.8123,0.3354,0.1507,0.0875
KD_part100_updates_3,1.5253,0.6644,0.7419,0.2981,0.1516,0.0881
KD_part20_updates_1,1.5736,0.6056,0.7878,0.3299,0.1471,0.085
KD_part20_updates_2,1.5397,0.6288,0.7853,0.3437,0.1477,0.0869
KD_part20_updates_3,1.5724,0.5983,0.8053,0.3463,0.1474,0.086
KD_part50_updates_1,1.5152,0.652,0.7984,0.3182,0.15,0.0874
KD_part50_updates_2,1.5269,0.6642,0.7605,0.2885,0.1499,0.0881
KD_part50_updates_3,1.5414,0.6591,0.7982,0.3189,0.1516,0.09
KD_part50_flops_noise03_1,1.5015,0.6385,0.6478,0.2355,0.1451,0.0871
KD_part50_flops_noise03_2,1.4781,0.6552,0.6232,0.2426,0.1458,0.0866
KD_part50_flops_noise03_3,1.4885,0.6535,0.5796,0.2156,0.1469,0.0878
KD_part50_flops_noise1_1,1.8225,0.6239,0.8957,0.3575,0.1728,0.1073
KD_part50_flops_noise1_2,1.8224,0.6182,0.8603,0.3593,0.1698,0.1017
KD_part50_flops_noise1_3,1.8296,0.6419,0.9335,0.3937,0.17,0.1029
KD_part50_noise03_1,1.5651,0.7061,0.775,0.2871,0.1606,0.0964
KD_part50_noise03_2,1.5746,0.7143,0.8013,0.2924,0.1632,0.1006
KD_part50_noise03_3,1.5726,0.7214,0.713,0.2455,0.1629,0.1014
KD_part100_flops_noise03_1,1.4936,0.6734,0.6337,0.2307,0.1474,0.0858
KD_part100_flops_noise03_2,1.5262,0.6307,0.6648,0.235,0.146,0.086
KD_part100_flops_noise03_3,1.5205,0.6449,0.6241,0.2324,0.1468,0.0846
KD_part50_updates_noise03_1,1.5243,0.6449,0.7575,0.3358,0.1462,0.0840
